                  epoch,         train/box_loss,         train/cls_loss,         train/dfl_loss,   metrics/precision(B),      metrics/recall(B),       metrics/mAP50(B),    metrics/mAP50-95(B),           val/box_loss,           val/cls_loss,           val/dfl_loss,                 lr/pg0,                 lr/pg1,                 lr/pg2
                      1,                  1.386,                 2.0565,                  1.579,                0.14394,                0.04928,                0.05425,                0.00982,                 3.1205,                 6.7868,                 4.5206,               0.070213,              0.0033097,              0.0033097
                      2,                 1.3485,                 1.5482,                 1.5246,                0.33089,                0.22704,                0.06135,                0.01997,                 3.0465,                  7.658,                 3.5989,               0.040186,              0.0066167,              0.0066167
                      3,                 1.2989,                 1.4491,                 1.4912,                0.35431,                0.30326,                0.24056,                0.08488,                 2.8523,                  5.853,                  3.689,               0.010134,              0.0098973,              0.0098973
                      4,                 1.2527,                 1.3687,                  1.454,                0.58793,                 0.5358,                0.61159,                0.33516,                 1.7757,                 1.4387,                  2.418,              0.0098812,              0.0098812,              0.0098812
                      5,                 1.1988,                 1.2822,                  1.418,                0.66923,                 0.6694,                0.64016,                0.37551,                 1.4302,                 1.3989,                 1.9285,              0.0098416,              0.0098416,              0.0098416
                      6,                 1.1645,                 1.2182,                 1.3911,                0.67563,                0.75456,                0.77439,                0.41191,                 2.2388,                 1.3992,                 2.8995,               0.009802,               0.009802,               0.009802
                      7,                 1.1381,                 1.1887,                 1.3693,                0.68129,                0.84701,                0.82441,                0.53627,                 1.2985,                 1.1712,                 1.8166,              0.0097624,              0.0097624,              0.0097624
                      8,                 1.1214,                 1.1582,                 1.3612,                0.77433,                0.79719,                0.81706,                0.48771,                 1.4228,                0.86603,                 2.0825,              0.0097228,              0.0097228,              0.0097228
                      9,                 1.1082,                 1.1397,                 1.3529,                0.69421,                0.83317,                 0.8577,                0.51126,                  1.407,                0.87842,                 1.9521,              0.0096832,              0.0096832,              0.0096832
                     10,                  1.092,                 1.1101,                 1.3393,                0.77228,                0.81393,                0.88414,                0.50635,                 1.4796,                0.91354,                 2.0357,              0.0096436,              0.0096436,              0.0096436
                     11,                 1.0833,                 1.0913,                 1.3352,                0.77194,                0.88293,                 0.8921,                0.60228,                 1.2493,                 1.7406,                 1.7235,               0.009604,               0.009604,               0.009604
                     12,                 1.0675,                 1.0723,                 1.3232,                  0.789,                0.87308,                0.90924,                 0.5189,                 1.5561,                 0.8549,                 2.2494,              0.0095644,              0.0095644,              0.0095644
                     13,                 1.0566,                 1.0622,                 1.3185,                 0.8214,                0.87658,                0.92458,                0.52941,                 1.4928,                0.74402,                 2.1244,              0.0095248,              0.0095248,              0.0095248
                     14,                 1.0559,                 1.0593,                 1.3168,                0.83024,                0.89557,                0.92377,                0.58669,                 1.2917,                0.70294,                 1.8268,              0.0094852,              0.0094852,              0.0094852
                     15,                 1.0515,                 1.0464,                 1.3134,                 0.8746,                0.88319,                0.93099,                0.57399,                 1.4277,                0.80313,                 1.9915,              0.0094456,              0.0094456,              0.0094456
                     16,                  1.048,                 1.0534,                  1.311,                0.85474,                0.88434,                0.92812,                0.55026,                 1.4733,                0.72508,                 2.1087,               0.009406,               0.009406,               0.009406
                     17,                 1.0366,                 1.0118,                 1.3043,                0.81112,                0.86985,                0.93509,                0.58063,                 1.2917,                 0.7718,                 1.7823,              0.0093664,              0.0093664,              0.0093664
                     18,                 1.0289,                 1.0186,                 1.3002,                0.84572,                0.82481,                0.91019,                0.51717,                 1.5341,                 1.1402,                   2.15,              0.0093268,              0.0093268,              0.0093268
                     19,                 1.0186,                0.99985,                  1.293,                0.86418,                0.88214,                0.93039,                0.60553,                  1.212,                0.67959,                 1.6785,              0.0092872,              0.0092872,              0.0092872
                     20,                 1.0246,                 1.0041,                 1.3002,                 0.8212,                0.82442,                0.91079,                0.57869,                 1.3323,                0.81493,                 1.8101,              0.0092476,              0.0092476,              0.0092476
                     21,                 1.0144,                0.99326,                   1.29,                 0.8367,                0.92265,                0.93717,                0.63749,                 1.1731,                0.60334,                 1.6235,               0.009208,               0.009208,               0.009208
                     22,                 1.0114,                0.97472,                  1.289,                 0.8657,                0.90379,                 0.9487,                0.61547,                 1.2691,                0.62788,                 1.8343,              0.0091684,              0.0091684,              0.0091684
                     23,                 1.0157,                0.97817,                 1.2922,                0.85626,                0.89179,                0.92876,                0.61498,                 1.2445,                 0.6264,                 1.7437,              0.0091288,              0.0091288,              0.0091288
                     24,                 1.0159,                0.98253,                 1.2925,                0.90747,                0.92035,                0.91977,                0.58882,                 1.2679,                0.80405,                 1.7751,              0.0090892,              0.0090892,              0.0090892
                     25,                 1.0068,                0.97274,                 1.2854,                 0.9363,                0.89625,                0.95238,                0.64585,                 1.1557,                0.56117,                 1.6456,              0.0090496,              0.0090496,              0.0090496
                     26,                0.99609,                0.96002,                 1.2808,                0.90861,                0.94377,                0.95228,                 0.5974,                 1.2895,                 0.5879,                 1.8666,                0.00901,                0.00901,                0.00901
                     27,                  1.001,                0.96612,                 1.2841,                 0.8809,                0.89898,                0.93683,                0.61157,                 1.2064,                0.66733,                 1.7144,              0.0089704,              0.0089704,              0.0089704
                     28,                0.99477,                0.95616,                 1.2789,                0.88979,                0.92266,                0.95124,                0.62669,                 1.3131,                0.59784,                  1.856,              0.0089308,              0.0089308,              0.0089308
                     29,                 0.9964,                0.95472,                 1.2768,                0.85181,                0.93223,                0.95208,                0.60903,                 1.3337,                0.65293,                 1.8965,              0.0088912,              0.0088912,              0.0088912
                     30,                0.99355,                0.94784,                 1.2781,                0.87649,                0.94526,                0.94639,                0.66659,                 1.1618,                0.54634,                 1.6329,              0.0088516,              0.0088516,              0.0088516
                     31,                0.97536,                0.94801,                 1.2707,                0.89936,                0.86387,                0.95932,                0.65923,                 1.1505,                0.56411,                 1.6446,               0.008812,               0.008812,               0.008812
                     32,                0.98372,                0.94186,                 1.2728,                0.90052,                0.94589,                0.95162,                0.64301,                 1.1516,                0.54159,                 1.6347,              0.0087724,              0.0087724,              0.0087724
                     33,                0.98319,                0.94486,                 1.2728,                0.91135,                0.93091,                0.95785,                0.63216,                 1.2448,                 0.6017,                 1.7719,              0.0087328,              0.0087328,              0.0087328
                     34,                0.98488,                0.94834,                  1.275,                0.89704,                0.95189,                 0.9548,                0.65203,                 1.1679,                0.55269,                 1.6633,              0.0086932,              0.0086932,              0.0086932
                     35,                0.97515,                0.92607,                 1.2656,                0.90446,                0.91778,                 0.9565,                0.65173,                 1.1696,                0.55244,                 1.6624,              0.0086536,              0.0086536,              0.0086536
                     36,                0.97147,                0.92779,                 1.2647,                 0.9322,                0.93815,                0.96458,                0.65054,                 1.1545,                0.54157,                 1.6403,               0.008614,               0.008614,               0.008614
                     37,                0.97338,                0.93508,                 1.2681,                0.91283,                0.94284,                0.95524,                0.68025,                  1.062,                 0.5047,                 1.5095,              0.0085744,              0.0085744,              0.0085744
                     38,                0.96675,                0.91919,                 1.2618,                 0.9042,                0.93768,                0.95504,                0.62496,                 1.2064,                0.51609,                 1.6984,              0.0085348,              0.0085348,              0.0085348
                     39,                0.96519,                 0.9283,                 1.2635,                0.90855,                 0.9203,                0.95543,                 0.6806,                 1.0848,                0.53512,                 1.5368,              0.0084952,              0.0084952,              0.0084952
                     40,                0.96333,                  0.921,                 1.2604,                0.85392,                0.92619,                0.95757,                0.65025,                 1.1954,                 0.5296,                 1.6979,              0.0084556,              0.0084556,              0.0084556
                     41,                0.96881,                0.91782,                 1.2673,                0.92132,                0.94185,                0.96319,                0.66552,                 1.1189,                0.49805,                 1.5882,               0.008416,               0.008416,               0.008416
                     42,                0.96486,                0.90899,                 1.2582,                0.92275,                0.92393,                0.96617,                0.70186,                 1.0375,                 0.4998,                 1.4847,              0.0083764,              0.0083764,              0.0083764
                     43,                0.97103,                 0.9183,                 1.2626,                0.92284,                0.95975,                0.96257,                0.66437,                 1.1487,                 0.4931,                 1.6547,              0.0083368,              0.0083368,              0.0083368
                     44,                0.95788,                0.89924,                 1.2556,                0.93042,                0.93901,                0.96689,                0.67969,                 1.1034,                0.47174,                 1.5709,              0.0082972,              0.0082972,              0.0082972
                     45,                  0.955,                0.89679,                 1.2546,                0.92231,                0.94914,                0.96496,                0.67894,                 1.1135,                 0.4762,                 1.5825,              0.0082576,              0.0082576,              0.0082576
                     46,                 0.9601,                0.91061,                 1.2605,                0.89754,                0.96646,                0.96025,                0.69155,                 1.0605,                0.47406,                 1.5036,               0.008218,               0.008218,               0.008218
                     47,                0.96204,                0.89225,                 1.2616,                0.92368,                0.95233,                0.96878,                  0.705,                 1.0302,                0.47645,                 1.4731,              0.0081784,              0.0081784,              0.0081784
                     48,                0.95151,                0.89966,                 1.2526,                0.93272,                0.94906,                0.96927,                0.69428,                 1.0453,                0.46292,                 1.5033,              0.0081388,              0.0081388,              0.0081388
                     49,                0.94709,                0.88629,                 1.2508,                0.94515,                 0.9581,                0.96745,                  0.704,                 1.0371,                0.47248,                 1.4808,              0.0080992,              0.0080992,              0.0080992
                     50,                0.95954,                0.90414,                 1.2578,                0.92213,                0.93752,                0.96403,                0.69527,                 1.0825,                0.47994,                 1.5484,              0.0080596,              0.0080596,              0.0080596
                     51,                0.94819,                0.89689,                 1.2514,                0.94148,                0.94582,                0.97061,                0.70211,                 1.0436,                0.44847,                 1.5108,                0.00802,                0.00802,                0.00802
                     52,                0.95512,                0.89808,                 1.2509,                 0.9408,                0.96113,                0.96888,                0.69928,                 1.0495,                0.44916,                 1.4919,              0.0079804,              0.0079804,              0.0079804
                     53,                0.95545,                0.88802,                 1.2521,                0.95098,                0.94299,                0.97455,                0.70522,                 1.0461,                0.44394,                 1.5016,              0.0079408,              0.0079408,              0.0079408
                     54,                0.94066,                0.87777,                 1.2472,                0.89071,                0.95668,                0.96958,                0.69301,                 1.0769,                0.46395,                 1.5498,              0.0079012,              0.0079012,              0.0079012
                     55,                0.94313,                0.88957,                 1.2487,                0.92117,                0.93754,                0.96109,                 0.6929,                 1.0617,                0.46739,                  1.531,              0.0078616,              0.0078616,              0.0078616
                     56,                0.94652,                0.89465,                 1.2485,                0.92338,                   0.95,                0.96689,                0.70498,                 1.0359,                0.44585,                 1.4942,               0.007822,               0.007822,               0.007822
                     57,                0.94238,                0.87673,                 1.2448,                0.92898,                 0.9575,                0.97163,                0.71224,                 1.0158,                0.43522,                 1.4731,              0.0077824,              0.0077824,              0.0077824
                     58,                 0.9469,                0.87632,                 1.2512,                0.95481,                0.94447,                0.97058,                0.69455,                 1.0731,                0.44187,                 1.5368,              0.0077428,              0.0077428,              0.0077428
                     59,                0.94414,                0.88605,                 1.2497,                0.95148,                0.95903,                  0.969,                0.69578,                 1.0625,                0.43918,                 1.5206,              0.0077032,              0.0077032,              0.0077032
                     60,                0.94129,                0.87999,                  1.245,                 0.9446,                 0.9504,                0.96873,                0.70454,                 1.0219,                0.43045,                 1.4825,              0.0076636,              0.0076636,              0.0076636
                     61,                0.93126,                0.86026,                 1.2412,                0.93821,                0.96407,                0.97191,                0.69618,                 1.0753,                0.43885,                 1.5446,               0.007624,               0.007624,               0.007624
                     62,                0.93513,                0.87097,                 1.2447,                0.94088,                0.95222,                0.96982,                0.69728,                  1.058,                0.43971,                 1.5131,              0.0075844,              0.0075844,              0.0075844
                     63,                0.93437,                0.86976,                 1.2447,                0.93803,                0.96096,                0.97222,                0.70598,                 1.0458,                0.44634,                 1.5125,              0.0075448,              0.0075448,              0.0075448
                     64,                0.94108,                0.87037,                 1.2459,                0.93711,                0.96289,                0.97232,                0.70732,                 1.0414,                0.42895,                 1.5082,              0.0075052,              0.0075052,              0.0075052
                     65,                0.93684,                0.87235,                 1.2457,                0.95053,                0.94947,                0.97034,                 0.7015,                 1.0539,                0.43447,                 1.5133,              0.0074656,              0.0074656,              0.0074656
                     66,                0.92922,                0.87054,                 1.2416,                 0.9401,                0.96671,                0.97188,                0.70285,                  1.039,                0.42268,                  1.485,               0.007426,               0.007426,               0.007426
                     67,                0.93179,                0.86471,                 1.2428,                0.94028,                 0.9599,                0.97489,                0.71036,                 1.0337,                0.42122,                 1.4968,              0.0073864,              0.0073864,              0.0073864
                     68,                0.92583,                0.85343,                 1.2375,                0.94585,                0.96419,                0.97562,                0.72497,                  1.004,                0.42271,                 1.4513,              0.0073468,              0.0073468,              0.0073468
                     69,                0.93925,                   0.87,                 1.2461,                 0.9475,                0.95426,                0.97381,                 0.7134,                 1.0266,                0.42885,                 1.4782,              0.0073072,              0.0073072,              0.0073072
                     70,                0.92354,                0.86881,                 1.2405,                0.94267,                0.96396,                0.97511,                0.72042,                 1.0288,                0.42681,                 1.4791,              0.0072676,              0.0072676,              0.0072676
                     71,                0.93033,                0.86314,                 1.2399,                0.94731,                0.96659,                0.97302,                 0.7229,                 1.0022,                0.42001,                 1.4426,               0.007228,               0.007228,               0.007228
                     72,                0.93582,                0.86552,                 1.2425,                0.95004,                0.97029,                0.97142,                0.71924,                 1.0104,                0.41713,                 1.4594,              0.0071884,              0.0071884,              0.0071884
                     73,                0.92512,                0.85413,                 1.2376,                0.95633,                0.96084,                0.97288,                0.71348,                 1.0252,                0.41478,                 1.4799,              0.0071488,              0.0071488,              0.0071488
                     74,                0.93476,                 0.8615,                 1.2432,                0.94949,                0.95686,                0.97319,                0.71927,                 1.0245,                0.42035,                 1.4779,              0.0071092,              0.0071092,              0.0071092
                     75,                0.92707,                 0.8589,                   1.24,                0.95559,                0.95875,                0.97337,                0.72132,                 1.0188,                0.41174,                  1.481,              0.0070696,              0.0070696,              0.0070696
                     76,                0.92562,                0.85017,                 1.2384,                0.94985,                 0.9655,                0.97389,                0.72978,                 1.0065,                 0.4042,                 1.4595,                0.00703,                0.00703,                0.00703
                     77,                0.91653,                0.84637,                 1.2324,                0.96188,                0.96262,                0.97444,                0.72434,                 1.0132,                0.40485,                 1.4682,              0.0069904,              0.0069904,              0.0069904
                     78,                0.92675,                0.85425,                  1.238,                0.95371,                0.97037,                0.97422,                0.72252,                 1.0199,                0.40851,                 1.4725,              0.0069508,              0.0069508,              0.0069508
                     79,                0.92893,                0.85241,                   1.24,                0.94981,                0.96776,                0.97309,                0.73115,                0.99256,                0.40351,                 1.4389,              0.0069112,              0.0069112,              0.0069112
                     80,                 0.9113,                0.84717,                 1.2314,                0.94775,                0.96746,                 0.9745,                0.73021,                 1.0124,                0.40973,                 1.4736,              0.0068716,              0.0068716,              0.0068716
                     81,                0.92247,                0.84458,                 1.2318,                0.94777,                0.96462,                0.97367,                0.72765,                 1.0015,                0.40748,                 1.4579,               0.006832,               0.006832,               0.006832
                     82,                0.91989,                0.83922,                 1.2323,                0.95162,                0.96323,                0.97387,                0.72394,                 1.0061,                0.40632,                 1.4629,              0.0067924,              0.0067924,              0.0067924
                     83,                0.91682,                0.84782,                 1.2322,                0.95089,                 0.9622,                0.97285,                0.72275,                0.99899,                0.40589,                  1.453,              0.0067528,              0.0067528,              0.0067528
                     84,                0.92709,                0.85928,                 1.2404,                0.94938,                0.96789,                0.97447,                0.72978,                0.98813,                0.40292,                 1.4354,              0.0067132,              0.0067132,              0.0067132
                     85,                0.91114,                 0.8359,                 1.2281,                0.95194,                0.97474,                0.97452,                0.72988,                 0.9874,                0.40255,                 1.4339,              0.0066736,              0.0066736,              0.0066736
                     86,                0.91612,                0.83861,                 1.2303,                0.94967,                0.97603,                0.97425,                0.72591,                0.99335,                0.39981,                 1.4414,               0.006634,               0.006634,               0.006634
                     87,                0.91758,                0.83734,                 1.2336,                0.95097,                0.97029,                0.97469,                 0.7237,                0.99871,                0.40043,                 1.4469,              0.0065944,              0.0065944,              0.0065944
                     88,                0.91078,                0.83753,                  1.229,                0.95502,                0.97016,                0.97448,                0.72502,                0.99589,                0.39692,                 1.4428,              0.0065548,              0.0065548,              0.0065548
                     89,                0.92042,                0.84566,                 1.2311,                0.95248,                0.96892,                0.97428,                 0.7304,                0.99317,                0.39762,                 1.4386,              0.0065152,              0.0065152,              0.0065152
                     90,                0.91093,                0.83765,                 1.2277,                0.95062,                0.97227,                0.97299,                0.73017,                0.99118,                0.39922,                 1.4356,              0.0064756,              0.0064756,              0.0064756
                     91,                0.91252,                0.84091,                 1.2295,                0.95514,                 0.9699,                0.97346,                0.73047,                 1.0004,                0.39795,                 1.4467,               0.006436,               0.006436,               0.006436
                     92,                0.90937,                0.83376,                 1.2274,                0.95582,                 0.9742,                0.97366,                0.72999,                0.99958,                0.39513,                 1.4457,              0.0063964,              0.0063964,              0.0063964
                     93,                0.91371,                0.83444,                 1.2327,                0.95607,                0.97103,                0.97359,                0.72867,                0.99622,                0.39152,                 1.4421,              0.0063568,              0.0063568,              0.0063568
                     94,                0.90648,                0.83379,                 1.2263,                0.95289,                0.96913,                0.97304,                0.72949,                0.99533,                0.39115,                 1.4412,              0.0063172,              0.0063172,              0.0063172
                     95,                0.90597,                0.83159,                 1.2289,                0.95636,                0.96913,                0.97351,                 0.7334,                 0.9873,                0.38919,                 1.4301,              0.0062776,              0.0062776,              0.0062776
                     96,                 0.9009,                0.83368,                 1.2272,                0.95307,                0.96842,                0.97294,                0.73389,                0.98685,                0.38941,                 1.4274,               0.006238,               0.006238,               0.006238
                     97,                0.90991,                0.83707,                 1.2295,                0.95099,                0.96832,                0.97264,                0.73141,                0.99067,                 0.3913,                 1.4325,              0.0061984,              0.0061984,              0.0061984
                     98,                0.89989,                0.82003,                 1.2225,                0.95056,                0.96759,                0.97239,                0.73065,                0.98757,                0.39161,                 1.4286,              0.0061588,              0.0061588,              0.0061588
                     99,                 0.9029,                0.82741,                  1.223,                0.95417,                0.96327,                0.97232,                0.73116,                0.98888,                0.39163,                 1.4298,              0.0061192,              0.0061192,              0.0061192
                    100,                0.89841,                0.83254,                  1.224,                0.95374,                0.96376,                0.97197,                0.73097,                0.99108,                0.39083,                 1.4324,              0.0060796,              0.0060796,              0.0060796
                    101,                0.89983,                0.81578,                 1.2226,                0.95253,                0.96469,                0.97205,                0.73102,                0.98945,                0.39074,                 1.4322,                0.00604,                0.00604,                0.00604
                    102,                0.90736,                0.83306,                  1.229,                0.95073,                0.96673,                0.97247,                0.73091,                0.98805,                0.38992,                 1.4325,              0.0060004,              0.0060004,              0.0060004
                    103,                0.90139,                0.83227,                 1.2251,                 0.9498,                0.96908,                 0.9726,                0.73342,                0.98516,                0.38733,                 1.4299,              0.0059608,              0.0059608,              0.0059608
                    104,                0.90543,                0.83139,                 1.2253,                0.94985,                0.97061,                0.97305,                0.73353,                0.98201,                  0.388,                 1.4272,              0.0059212,              0.0059212,              0.0059212
                    105,                0.90006,                0.81893,                 1.2249,                0.95015,                0.97158,                 0.9735,                0.73512,                0.98428,                0.38895,                 1.4306,              0.0058816,              0.0058816,              0.0058816
                    106,                0.89715,                0.82218,                 1.2221,                0.94838,                0.97114,                0.97361,                0.73562,                0.98465,                0.38933,                 1.4313,               0.005842,               0.005842,               0.005842
                    107,                0.89528,                0.81674,                 1.2231,                0.95045,                 0.9706,                 0.9736,                0.73735,                0.98356,                0.38863,                 1.4305,              0.0058024,              0.0058024,              0.0058024
                    108,                0.89851,                 0.8202,                 1.2195,                0.94829,                0.96951,                0.97362,                0.73538,                0.98466,                0.39001,                 1.4323,              0.0057628,              0.0057628,              0.0057628
                    109,                0.89354,                0.80806,                 1.2207,                 0.9476,                0.97055,                 0.9739,                0.73617,                0.98348,                 0.3894,                 1.4302,              0.0057232,              0.0057232,              0.0057232
                    110,                0.89778,                0.80944,                 1.2238,                 0.9492,                0.96951,                0.97377,                0.73556,                0.98356,                0.38792,                 1.4304,              0.0056836,              0.0056836,              0.0056836
                    111,                0.89545,                0.81331,                 1.2201,                0.95016,                0.96958,                0.97408,                0.73661,                0.98293,                0.38744,                 1.4292,               0.005644,               0.005644,               0.005644
                    112,                0.89135,                0.80401,                 1.2185,                0.95084,                0.96955,                0.97392,                 0.7382,                0.98114,                0.38683,                 1.4273,              0.0056044,              0.0056044,              0.0056044
                    113,                0.89404,                0.81635,                 1.2222,                0.95059,                   0.97,                0.97415,                0.73929,                 0.9813,                0.38672,                 1.4281,              0.0055648,              0.0055648,              0.0055648
                    114,                0.89382,                0.81169,                 1.2196,                0.95045,                0.96896,                0.97443,                0.73887,                0.98186,                0.38714,                 1.4289,              0.0055252,              0.0055252,              0.0055252
                    115,                 0.8905,                0.81106,                 1.2187,                0.94986,                0.96933,                0.97484,                0.73874,                0.98197,                0.38725,                 1.4284,              0.0054856,              0.0054856,              0.0054856
                    116,                0.89235,                0.80713,                 1.2203,                 0.9504,                0.97149,                0.97708,                 0.7395,                0.98261,                0.38645,                 1.4287,               0.005446,               0.005446,               0.005446
                    117,                0.88993,                0.80281,                 1.2184,                0.94911,                0.97114,                0.97555,                0.73853,                0.98369,                 0.3865,                 1.4299,              0.0054064,              0.0054064,              0.0054064
                    118,                0.89333,                0.79821,                 1.2217,                0.94691,                0.97348,                0.97754,                0.73913,                0.98417,                0.38672,                 1.4298,              0.0053668,              0.0053668,              0.0053668
                    119,                0.89238,                0.80172,                 1.2187,                0.94861,                0.97365,                 0.9776,                0.73903,                 0.9842,                0.38607,                   1.43,              0.0053272,              0.0053272,              0.0053272
                    120,                 0.8878,                0.79423,                 1.2175,                0.94657,                0.97425,                0.97772,                0.73833,                0.98619,                0.38625,                 1.4327,              0.0052876,              0.0052876,              0.0052876
                    121,                0.88328,                0.79455,                 1.2147,                 0.9475,                0.97416,                0.97782,                0.73821,                0.98672,                0.38631,                 1.4332,               0.005248,               0.005248,               0.005248
                    122,                0.88657,                0.79235,                 1.2184,                0.94728,                0.97238,                 0.9779,                0.73709,                0.98755,                0.38682,                 1.4342,              0.0052084,              0.0052084,              0.0052084
                    123,                0.88086,                0.79951,                 1.2161,                0.94607,                 0.9722,                0.97775,                0.73676,                0.98784,                 0.3865,                 1.4341,              0.0051688,              0.0051688,              0.0051688
                    124,                 0.8852,                0.80117,                 1.2177,                 0.9458,                0.96951,                0.97788,                0.73553,                0.98834,                0.38651,                 1.4345,              0.0051292,              0.0051292,              0.0051292
                    125,                0.88345,                0.79468,                 1.2137,                0.94372,                 0.9697,                  0.978,                0.73438,                0.98842,                0.38677,                 1.4344,              0.0050896,              0.0050896,              0.0050896
                    126,                0.87956,                0.78706,                  1.213,                0.94326,                0.97027,                0.97803,                 0.7347,                0.98802,                 0.3862,                 1.4336,                0.00505,                0.00505,                0.00505
                    127,                 0.8877,                0.80005,                  1.218,                0.94332,                0.96808,                0.97823,                 0.7338,                0.98793,                0.38581,                 1.4333,              0.0050104,              0.0050104,              0.0050104
                    128,                 0.8845,                0.79396,                 1.2146,                0.94313,                0.96823,                0.97847,                0.73601,                0.98767,                 0.3856,                 1.4329,              0.0049708,              0.0049708,              0.0049708
                    129,                0.88582,                0.79757,                  1.217,                0.94253,                 0.9684,                0.97864,                0.73558,                0.98831,                0.38528,                 1.4339,              0.0049312,              0.0049312,              0.0049312
                    130,                0.87272,                0.78806,                 1.2127,                0.94138,                0.96862,                0.97889,                0.73547,                 0.9887,                0.38551,                 1.4342,              0.0048916,              0.0048916,              0.0048916
                    131,                0.88023,                0.78812,                 1.2132,                0.94324,                0.96839,                0.97892,                0.73591,                  0.989,                0.38539,                 1.4343,               0.004852,               0.004852,               0.004852
                    132,                0.88022,                0.78962,                 1.2134,                0.94245,                0.96859,                 0.9787,                0.73604,                0.98917,                 0.3853,                 1.4349,              0.0048124,              0.0048124,              0.0048124
                    133,                 0.8831,                0.78738,                 1.2128,                0.94188,                0.96946,                0.97821,                0.73638,                0.98911,                0.38517,                 1.4346,              0.0047728,              0.0047728,              0.0047728
                    134,                0.88167,                0.77926,                 1.2162,                0.94356,                 0.9688,                 0.9791,                0.73743,                0.98943,                0.38525,                 1.4347,              0.0047332,              0.0047332,              0.0047332
                    135,                0.87846,                0.79036,                  1.214,                0.94407,                0.96811,                0.97922,                0.73646,                0.98867,                  0.385,                 1.4337,              0.0046936,              0.0046936,              0.0046936
                    136,                0.87355,                0.78425,                 1.2103,                0.94453,                0.96784,                0.97929,                0.73569,                 0.9887,                0.38484,                 1.4337,               0.004654,               0.004654,               0.004654
                    137,                  0.878,                0.78577,                 1.2151,                0.94828,                0.96659,                0.97936,                0.73673,                0.98938,                0.38444,                 1.4343,              0.0046144,              0.0046144,              0.0046144
                    138,                0.86955,                0.77332,                 1.2087,                0.94756,                0.96661,                0.97945,                0.73559,                0.98957,                0.38457,                 1.4345,              0.0045748,              0.0045748,              0.0045748
                    139,                0.87295,                0.77884,                 1.2133,                0.94749,                0.96678,                0.97959,                0.73585,                0.98931,                0.38431,                 1.4343,              0.0045352,              0.0045352,              0.0045352
                    140,                0.87571,                0.78653,                 1.2165,                0.94984,                0.96681,                0.97971,                0.73609,                0.98957,                0.38382,                 1.4347,              0.0044956,              0.0044956,              0.0044956
                    141,                0.87542,                0.77028,                 1.2099,                0.95013,                0.96663,                0.97987,                0.73692,                0.98998,                0.38364,                 1.4352,               0.004456,               0.004456,               0.004456
                    142,                0.87401,                0.77785,                 1.2087,                0.94956,                0.96693,                0.98005,                0.73616,                0.99011,                0.38315,                 1.4352,              0.0044164,              0.0044164,              0.0044164
                    143,                0.85952,                0.77624,                 1.2043,                0.94953,                 0.9665,                 0.9802,                0.73483,                0.99081,                0.38295,                 1.4359,              0.0043768,              0.0043768,              0.0043768
                    144,                0.87221,                 0.7659,                 1.2092,                0.94947,                0.96693,                0.98021,                0.73477,                0.99073,                0.38253,                 1.4356,              0.0043372,              0.0043372,              0.0043372
                    145,                0.86683,                0.77267,                 1.2068,                0.94955,                0.96859,                0.98024,                0.73491,                0.99095,                0.38231,                  1.436,              0.0042976,              0.0042976,              0.0042976
                    146,                0.86545,                0.76849,                  1.202,                0.94851,                0.97038,                0.98034,                0.73553,                0.99122,                 0.3819,                 1.4363,               0.004258,               0.004258,               0.004258
                    147,                0.86625,                0.76919,                 1.2037,                0.94845,                0.97455,                0.98035,                0.73541,                0.99095,                 0.3811,                  1.436,              0.0042184,              0.0042184,              0.0042184
                    148,                0.85887,                0.75922,                 1.2028,                0.94822,                0.97516,                0.98043,                0.73503,                0.99146,                 0.3815,                 1.4366,              0.0041788,              0.0041788,              0.0041788
                    149,                0.86526,                0.77052,                  1.205,                0.94969,                0.96753,                0.98055,                0.73446,                0.99211,                0.38186,                 1.4371,              0.0041392,              0.0041392,              0.0041392
                    150,                0.86378,                0.75959,                 1.2054,                 0.9499,                0.96904,                0.98054,                0.73511,                0.99187,                0.38153,                 1.4366,              0.0040996,              0.0040996,              0.0040996
                    151,                0.85763,                0.76414,                 1.2019,                0.95142,                0.96835,                0.98054,                0.73586,                0.99209,                0.38094,                 1.4369,                0.00406,                0.00406,                0.00406
                    152,                0.86294,                0.76284,                 1.2018,                  0.952,                0.96932,                0.98069,                0.73669,                 0.9918,                0.38111,                 1.4366,              0.0040204,              0.0040204,              0.0040204
                    153,                0.86654,                0.76185,                 1.2033,                0.95218,                0.96894,                0.98026,                 0.7359,                0.99176,                0.38055,                 1.4366,              0.0039808,              0.0039808,              0.0039808
                    154,                0.87151,                0.76927,                 1.2078,                0.95324,                0.96758,                0.98029,                0.73534,                 0.9924,                0.38071,                 1.4373,              0.0039412,              0.0039412,              0.0039412
                    155,                0.85621,                0.75797,                 1.1983,                0.95361,                 0.9674,                0.98074,                0.73569,                0.99242,                0.38054,                 1.4372,              0.0039016,              0.0039016,              0.0039016
                    156,                0.85529,                0.74453,                 1.1965,                0.95338,                 0.9675,                0.98083,                0.73638,                0.99202,                0.38028,                 1.4367,               0.003862,               0.003862,               0.003862
                    157,                0.85967,                0.76358,                 1.2028,                0.95565,                0.96959,                0.98099,                0.73641,                0.99192,                0.37996,                 1.4366,              0.0038224,              0.0038224,              0.0038224
                    158,                0.85168,                0.75075,                 1.1966,                0.95219,                0.97336,                0.98065,                0.73644,                0.99159,                0.37965,                 1.4361,              0.0037828,              0.0037828,              0.0037828
                    159,                0.85271,                0.74885,                  1.198,                0.95219,                0.97482,                0.98122,                0.73598,                0.99141,                0.37976,                 1.4359,              0.0037432,              0.0037432,              0.0037432
                    160,                0.86304,                0.76009,                 1.2041,                0.95136,                0.97518,                0.98121,                0.73597,                0.99146,                0.37928,                 1.4359,              0.0037036,              0.0037036,              0.0037036
                    161,                0.85553,                0.74978,                 1.1968,                0.95124,                0.97597,                0.98123,                0.73694,                 0.9913,                0.37902,                 1.4356,               0.003664,               0.003664,               0.003664
                    162,                0.85225,                0.75965,                 1.2021,                0.95115,                0.97584,                0.98126,                0.73729,                 0.9914,                0.37855,                 1.4355,              0.0036244,              0.0036244,              0.0036244
                    163,                0.84932,                0.74509,                 1.1964,                0.95122,                0.97537,                0.98128,                0.73647,                0.99169,                0.37894,                 1.4361,              0.0035848,              0.0035848,              0.0035848
                    164,                0.84839,                 0.7474,                 1.1933,                0.95089,                 0.9755,                0.98135,                0.73687,                0.99131,                0.37879,                 1.4357,              0.0035452,              0.0035452,              0.0035452
                    165,                0.85126,                0.75026,                 1.1967,                0.95074,                0.97545,                0.98138,                 0.7365,                0.99139,                0.37821,                 1.4359,              0.0035056,              0.0035056,              0.0035056
                    166,                0.84735,                0.74063,                  1.191,                0.95107,                0.97507,                 0.9815,                0.73674,                0.99192,                0.37803,                 1.4366,               0.003466,               0.003466,               0.003466
                    167,                0.84671,                0.74202,                 1.1949,                0.95159,                 0.9749,                0.98157,                0.73667,                0.99191,                0.37808,                 1.4368,              0.0034264,              0.0034264,              0.0034264
                    168,                0.84612,                0.74239,                 1.1989,                0.95223,                 0.9749,                0.98165,                  0.737,                0.99187,                0.37795,                 1.4367,              0.0033868,              0.0033868,              0.0033868
                    169,                0.85192,                0.75173,                 1.1991,                0.95295,                0.97413,                 0.9803,                 0.7365,                0.99216,                0.37811,                 1.4371,              0.0033472,              0.0033472,              0.0033472
                    170,                0.84543,                0.73839,                  1.195,                 0.9539,                0.97464,                0.98027,                0.73631,                0.99195,                0.37789,                 1.4368,              0.0033076,              0.0033076,              0.0033076
                    171,                0.84473,                 0.7468,                 1.1969,                0.95363,                 0.9749,                0.98042,                0.73651,                0.99222,                0.37758,                 1.4372,               0.003268,               0.003268,               0.003268
                    172,                0.84451,                0.74024,                 1.1922,                0.95381,                 0.9749,                0.98051,                0.73674,                0.99226,                0.37773,                 1.4371,              0.0032284,              0.0032284,              0.0032284
                    173,                0.83887,                0.73569,                  1.191,                0.95047,                0.97567,                0.98054,                0.73568,                0.99291,                0.37753,                 1.4377,              0.0031888,              0.0031888,              0.0031888
                    174,                 0.8412,                0.74235,                  1.194,                0.95176,                0.97523,                0.98049,                0.73629,                0.99334,                0.37692,                 1.4382,              0.0031492,              0.0031492,              0.0031492
                    175,                0.83872,                0.73965,                  1.191,                0.95398,                 0.9764,                0.98165,                0.73772,                0.99351,                0.37685,                 1.4386,              0.0031096,              0.0031096,              0.0031096
                    176,                0.84037,                0.72614,                 1.1903,                0.95475,                0.97567,                0.98191,                0.73708,                0.99299,                 0.3767,                  1.438,                0.00307,                0.00307,                0.00307
                    177,                0.84689,                0.74583,                 1.1956,                0.95552,                0.97567,                0.98203,                0.73762,                0.99337,                0.37638,                 1.4386,              0.0030304,              0.0030304,              0.0030304
                    178,                0.83767,                0.73363,                  1.188,                 0.9564,                0.97511,                0.98202,                0.73747,                0.99321,                  0.376,                 1.4386,              0.0029908,              0.0029908,              0.0029908
                    179,                0.83658,                 0.7304,                 1.1897,                0.95625,                0.97544,                0.98207,                0.73791,                0.99348,                0.37576,                 1.4391,              0.0029512,              0.0029512,              0.0029512
                    180,                0.83279,                0.72189,                 1.1861,                 0.9573,                0.97468,                 0.9821,                0.73903,                0.99318,                0.37553,                 1.4389,              0.0029116,              0.0029116,              0.0029116
                    181,                0.83695,                0.73842,                 1.1851,                0.95673,                0.97364,                0.98077,                0.73852,                0.99345,                0.37473,                 1.4393,               0.002872,               0.002872,               0.002872
                    182,                0.84302,                0.72841,                  1.191,                0.95657,                0.97404,                0.98076,                0.73911,                0.99354,                0.37438,                 1.4395,              0.0028324,              0.0028324,              0.0028324
                    183,                0.82963,                0.72716,                 1.1858,                0.95411,                 0.9739,                0.98084,                0.73924,                0.99367,                0.37451,                 1.4396,              0.0027928,              0.0027928,              0.0027928
                    184,                0.83187,                0.72561,                 1.1872,                0.95403,                0.97414,                0.98095,                0.73951,                0.99367,                0.37469,                 1.4397,              0.0027532,              0.0027532,              0.0027532
                    185,                0.82631,                0.71663,                 1.1845,                 0.9538,                0.97428,                0.98096,                0.73887,                 0.9937,                0.37454,                 1.4397,              0.0027136,              0.0027136,              0.0027136
                    186,                0.83013,                0.72711,                 1.1867,                0.95375,                0.97431,                0.98091,                0.73739,                0.99373,                0.37379,                   1.44,               0.002674,               0.002674,               0.002674
                    187,                0.82971,                0.71781,                  1.183,                0.95363,                0.97444,                0.98091,                0.73683,                0.99371,                0.37343,                   1.44,              0.0026344,              0.0026344,              0.0026344
                    188,                0.82332,                0.71703,                 1.1805,                0.95354,                0.97471,                0.98092,                0.73802,                0.99346,                0.37308,                 1.4397,              0.0025948,              0.0025948,              0.0025948
                    189,                0.82356,                0.71496,                 1.1809,                0.95378,                0.97458,                0.98093,                0.73743,                0.99368,                0.37232,                 1.4401,              0.0025552,              0.0025552,              0.0025552
                    190,                0.83078,                0.72283,                  1.184,                0.95416,                 0.9745,                0.98098,                0.73719,                0.99398,                0.37234,                 1.4404,              0.0025156,              0.0025156,              0.0025156
                    191,                0.81938,                 0.7114,                 1.1796,                0.95426,                0.97432,                0.98109,                0.73803,                0.99402,                0.37183,                 1.4405,               0.002476,               0.002476,               0.002476
                    192,                0.81896,                0.71002,                 1.1765,                0.95409,                 0.9753,                0.98115,                0.73785,                0.99454,                0.37187,                 1.4412,              0.0024364,              0.0024364,              0.0024364
                    193,                0.82236,                0.71281,                 1.1803,                0.95451,                0.97402,                0.98106,                0.73749,                0.99516,                0.37172,                 1.4417,              0.0023968,              0.0023968,              0.0023968
                    194,                 0.8131,                0.70431,                 1.1754,                0.95434,                0.97278,                0.98107,                0.73671,                0.99547,                0.37114,                  1.442,              0.0023572,              0.0023572,              0.0023572
                    195,                0.81832,                0.70576,                 1.1787,                0.95429,                  0.972,                0.98107,                0.73721,                0.99583,                0.37088,                 1.4424,              0.0023176,              0.0023176,              0.0023176
                    196,                0.81955,                0.70602,                 1.1813,                0.95451,                0.97452,                0.98113,                 0.7379,                0.99584,                0.37058,                 1.4423,               0.002278,               0.002278,               0.002278
                    197,                0.81253,                0.69834,                 1.1773,                0.95465,                0.97388,                0.98119,                0.73811,                 0.9959,                0.37072,                 1.4424,              0.0022384,              0.0022384,              0.0022384
                    198,                0.81646,                0.69441,                 1.1757,                0.95822,                  0.972,                 0.9811,                0.73816,                0.99647,                0.37094,                 1.4432,              0.0021988,              0.0021988,              0.0021988
                    199,                0.80852,                0.69301,                 1.1735,                0.95857,                0.97329,                0.98115,                0.73851,                0.99664,                0.37074,                 1.4434,              0.0021592,              0.0021592,              0.0021592
                    200,                0.81178,                0.69547,                 1.1753,                0.95873,                0.97293,                0.98117,                0.73845,                0.99673,                0.37017,                 1.4435,              0.0021196,              0.0021196,              0.0021196
                    201,                0.80889,                0.69615,                 1.1741,                0.95967,                0.97318,                0.98116,                0.73969,                 0.9972,                0.36958,                  1.444,                0.00208,                0.00208,                0.00208
                    202,                0.80799,                0.70064,                 1.1729,                0.96001,                0.97341,                 0.9812,                0.73873,                0.99745,                0.36959,                 1.4443,              0.0020404,              0.0020404,              0.0020404
                    203,                0.80629,                0.69698,                 1.1744,                0.96028,                0.97348,                0.98117,                0.73933,                0.99738,                0.36964,                 1.4439,              0.0020008,              0.0020008,              0.0020008
                    204,                0.80548,                0.68675,                 1.1726,                0.96049,                0.97303,                0.98122,                0.73958,                0.99748,                0.36975,                 1.4439,              0.0019612,              0.0019612,              0.0019612
                    205,                 0.8041,                0.68917,                 1.1706,                0.96052,                0.97242,                0.98122,                0.73903,                0.99771,                0.36946,                 1.4442,              0.0019216,              0.0019216,              0.0019216
                    206,                0.80597,                0.69246,                 1.1742,                0.96058,                0.97247,                0.98126,                0.73954,                0.99819,                 0.3693,                 1.4445,               0.001882,               0.001882,               0.001882
                    207,                0.80963,                0.69889,                 1.1722,                0.96075,                0.97289,                0.98128,                0.73974,                0.99842,                0.36924,                 1.4448,              0.0018424,              0.0018424,              0.0018424
                    208,                0.79915,                0.68024,                 1.1682,                0.96066,                0.97341,                0.98126,                0.73932,                0.99876,                0.36904,                 1.4452,              0.0018028,              0.0018028,              0.0018028
                    209,                0.80608,                0.68766,                 1.1725,                0.96058,                0.97284,                0.98126,                0.73936,                0.99904,                0.36893,                 1.4455,              0.0017632,              0.0017632,              0.0017632
                    210,                0.79991,                 0.6852,                 1.1672,                0.96066,                0.97347,                0.98123,                0.73959,                0.99911,                 0.3688,                 1.4455,              0.0017236,              0.0017236,              0.0017236
                    211,                0.79995,                0.67771,                 1.1646,                0.96063,                0.97347,                0.98124,                0.73883,                0.99945,                0.36847,                  1.446,               0.001684,               0.001684,               0.001684
                    212,                0.79199,                0.67686,                 1.1644,                0.96197,                0.97344,                0.98126,                0.73938,                0.99994,                 0.3686,                 1.4465,              0.0016444,              0.0016444,              0.0016444
                    213,                0.78844,                0.67377,                 1.1652,                0.96227,                0.97347,                0.98126,                0.73901,                 1.0006,                0.36884,                 1.4472,              0.0016048,              0.0016048,              0.0016048
                    214,                0.79218,                0.67683,                 1.1634,                0.96276,                0.97358,                0.98123,                 0.7393,                  1.001,                0.36877,                 1.4476,              0.0015652,              0.0015652,              0.0015652
                    215,                0.79322,                0.67697,                 1.1656,                0.96303,                0.97359,                0.98131,                0.73964,                 1.0016,                0.36837,                 1.4484,              0.0015256,              0.0015256,              0.0015256
                    216,                0.79408,                0.67747,                 1.1649,                0.96414,                 0.9727,                0.98132,                0.74005,                 1.0018,                0.36807,                 1.4485,               0.001486,               0.001486,               0.001486
                    217,                0.78676,                0.67242,                 1.1598,                0.96413,                 0.9723,                0.98137,                0.73976,                 1.0023,                0.36777,                  1.449,              0.0014464,              0.0014464,              0.0014464
                    218,                0.78967,                0.67456,                 1.1639,                0.96423,                0.97212,                0.98139,                0.73918,                 1.0026,                0.36773,                 1.4491,              0.0014068,              0.0014068,              0.0014068
                    219,                0.78352,                0.66522,                 1.1588,                0.96444,                0.97227,                0.98145,                 0.7393,                 1.0029,                  0.368,                 1.4496,              0.0013672,              0.0013672,              0.0013672
                    220,                0.78797,                0.66704,                 1.1635,                0.96462,                0.97244,                0.98146,                 0.7394,                 1.0034,                0.36761,                   1.45,              0.0013276,              0.0013276,              0.0013276
                    221,                0.77773,                 0.6625,                 1.1581,                0.96519,                0.97231,                0.98142,                0.73937,                 1.0037,                0.36739,                 1.4504,               0.001288,               0.001288,               0.001288
                    222,                0.77656,                0.66075,                 1.1546,                0.96541,                0.97236,                0.98147,                 0.7392,                  1.004,                0.36727,                 1.4506,              0.0012484,              0.0012484,              0.0012484
                    223,                0.77668,                0.65418,                 1.1549,                0.96542,                0.97256,                0.98155,                0.73896,                  1.004,                0.36734,                 1.4506,              0.0012088,              0.0012088,              0.0012088
                    224,                 0.7756,                0.64824,                  1.158,                0.96582,                0.97245,                 0.9816,                0.73902,                 1.0046,                0.36732,                 1.4512,              0.0011692,              0.0011692,              0.0011692
                    225,                0.77254,                 0.6536,                 1.1528,                0.96615,                0.97238,                0.98159,                0.73865,                 1.0046,                0.36739,                 1.4512,              0.0011296,              0.0011296,              0.0011296
                    226,                0.77063,                0.64635,                 1.1511,                0.96637,                0.97242,                0.98159,                 0.7388,                 1.0049,                0.36705,                 1.4515,                0.00109,                0.00109,                0.00109
                    227,                0.77538,                0.64673,                 1.1527,                0.96689,                0.97253,                0.98161,                0.73896,                 1.0053,                0.36683,                  1.452,              0.0010504,              0.0010504,              0.0010504
                    228,                0.77188,                0.64955,                 1.1522,                0.96701,                 0.9727,                0.98162,                0.73916,                 1.0055,                0.36688,                 1.4521,              0.0010108,              0.0010108,              0.0010108
                    229,                0.77585,                0.64696,                 1.1523,                0.96726,                0.97275,                0.98164,                0.73933,                 1.0061,                0.36667,                 1.4528,              0.0009712,              0.0009712,              0.0009712
                    230,                 0.7621,                0.64131,                 1.1465,                0.96638,                0.97324,                0.98164,                0.73931,                  1.006,                0.36664,                 1.4527,              0.0009316,              0.0009316,              0.0009316
                    231,                0.76395,                0.63923,                 1.1485,                0.96651,                0.97337,                0.98167,                0.73889,                 1.0059,                 0.3664,                 1.4526,               0.000892,               0.000892,               0.000892
                    232,                0.76566,                0.63886,                  1.149,                0.96635,                0.97363,                0.98169,                0.73858,                 1.0057,                0.36642,                 1.4524,              0.0008524,              0.0008524,              0.0008524
                    233,                 0.7609,                0.63881,                 1.1459,                0.96683,                0.97363,                0.98166,                0.73934,                  1.006,                0.36643,                 1.4527,              0.0008128,              0.0008128,              0.0008128
                    234,                0.76328,                 0.6358,                 1.1477,                0.96698,                0.97373,                0.98167,                0.73937,                 1.0062,                0.36635,                  1.453,              0.0007732,              0.0007732,              0.0007732
                    235,                0.75069,                 0.6233,                 1.1419,                0.96742,                0.97382,                0.98171,                0.73972,                 1.0064,                0.36614,                 1.4533,              0.0007336,              0.0007336,              0.0007336
                    236,                0.74673,                0.63054,                 1.1381,                0.96836,                0.97387,                 0.9817,                0.73954,                 1.0068,                0.36597,                 1.4539,               0.000694,               0.000694,               0.000694
                    237,                0.75758,                0.62825,                 1.1459,                0.96844,                  0.974,                0.98172,                0.73967,                 1.0072,                0.36603,                 1.4543,              0.0006544,              0.0006544,              0.0006544
                    238,                0.74967,                0.62651,                 1.1435,                0.96872,                0.97355,                0.98174,                0.73969,                 1.0076,                0.36639,                 1.4548,              0.0006148,              0.0006148,              0.0006148
                    239,                0.75431,                0.62263,                 1.1433,                0.96921,                0.97372,                0.98177,                0.73955,                 1.0076,                0.36639,                 1.4548,              0.0005752,              0.0005752,              0.0005752
                    240,                0.74964,                0.62044,                 1.1391,                0.96963,                0.97413,                0.98185,                0.73978,                 1.0076,                0.36598,                 1.4547,              0.0005356,              0.0005356,              0.0005356
                    241,                0.69605,                0.39208,                 1.2084,                0.96965,                0.97483,                0.98187,                0.73986,                 1.0078,                0.36568,                 1.4548,               0.000496,               0.000496,               0.000496
                    242,                0.66563,                0.35139,                 1.1788,                 0.9707,                0.97442,                 0.9818,                0.73949,                 1.0081,                0.36534,                 1.4552,              0.0004564,              0.0004564,              0.0004564
                    243,                0.65651,                0.34392,                 1.1716,                0.97091,                 0.9749,                0.98185,                0.73904,                 1.0079,                0.36497,                  1.455,              0.0004168,              0.0004168,              0.0004168
                    244,                0.64924,                0.34072,                 1.1697,                0.97119,                0.97557,                0.98182,                0.73859,                 1.0084,                  0.365,                 1.4554,              0.0003772,              0.0003772,              0.0003772
                    245,                0.64463,                0.33562,                 1.1699,                0.97122,                0.97558,                0.98184,                0.73883,                 1.0086,                0.36495,                 1.4556,              0.0003376,              0.0003376,              0.0003376
                    246,                0.64561,                 0.3319,                 1.1695,                0.97117,                0.97556,                0.98181,                0.73823,                 1.0092,                0.36497,                 1.4563,               0.000298,               0.000298,               0.000298
                    247,                0.63985,                0.32495,                 1.1602,                0.97115,                0.97557,                 0.9818,                0.73936,                 1.0094,                0.36493,                 1.4564,              0.0002584,              0.0002584,              0.0002584
                    248,                0.63319,                0.32683,                 1.1578,                0.97068,                0.97568,                0.98186,                0.73932,                 1.0094,                  0.365,                 1.4565,              0.0002188,              0.0002188,              0.0002188
                    249,                0.63474,                0.32101,                 1.1568,                0.97095,                0.97563,                0.98189,                0.73912,                 1.0098,                0.36494,                  1.457,              0.0001792,              0.0001792,              0.0001792
                    250,                0.62612,                0.31912,                 1.1497,                0.97117,                0.97554,                0.98191,                0.73888,                 1.0102,                0.36491,                 1.4575,              0.0001396,              0.0001396,              0.0001396
